{
  "project_info": {
    "project_number": "437474321120",
    "project_id": "cookies-d8f65",
    "storage_bucket": "cookies-d8f65.appspot.com"
  },
  "client": [
    {
      "client_info": {
        "mobilesdk_app_id": "1:437474321120:android:3b49605c62b3ee41ade685",
        "android_client_info": {
          "package_name": "com.example.serverpractice"
        }
      },
      "oauth_client": [
        {
          "client_id": "437474321120-rp3u89cb6eenn4psi5gvphusn7tbqq2j.apps.googleusercontent.com",
          "client_type": 3
        }
      ],
      "api_key": [
        {
          "current_key": "AIzaSyANtR-zDKYA_EUq90i-qhUOXIHrYgAdTuU"
        }
      ],
      "services": {
        "appinvite_service": {
          "other_platform_oauth_client": [
            {
              "client_id": "437474321120-rp3u89cb6eenn4psi5gvphusn7tbqq2j.apps.googleusercontent.com",
              "client_type": 3
            }
          ]
        }
      }
    }
  ],
  "configuration_version": "1"
}